[
  {
    "id" : "care.commonprofiles.fhir",
    "type" : "ImplementationGuide",
    "url" : "https://commonprofiles.care/fhir/ImplementationGuide/care.commonprofiles.fhir",
    "version" : "1.0.0",
    "name" : "CommonFHIRprofilevendorcollaboration"
  },
  {
    "id" : "ConsentSJF",
    "type" : "StructureDefinition",
    "url" : "https://commonprofiles.care/fhir/StructureDefinition/ConsentSJF",
    "version" : "1.0.0",
    "name" : "ConsentSJF"
  },
  {
    "id" : "OrganizationSEVendorLite",
    "type" : "StructureDefinition",
    "url" : "https://commonprofiles.care/fhir/StructureDefinition/OrganizationSEVendorLite",
    "version" : "1.0.0",
    "name" : "OrganizationSEVendorLite"
  },
  {
    "id" : "PatientIdentifierPatternConformanceSE",
    "type" : "StructureDefinition",
    "url" : "https://commonprofiles.care/fhir/StructureDefinition/PatientIdentifierPatternConformanceSE",
    "version" : "1.0.0",
    "name" : "PatientIdentifierPatternConformanceSE"
  },
  {
    "id" : "PatientSEVendorLite",
    "type" : "StructureDefinition",
    "url" : "https://commonprofiles.care/fhir/StructureDefinition/PatientSEVendorLite",
    "version" : "1.0.0",
    "name" : "PatientSEVendorLite"
  },
  {
    "id" : "PractitionerSEVendorLite",
    "type" : "StructureDefinition",
    "url" : "https://commonprofiles.care/fhir/StructureDefinition/PractitionerSEVendorLite",
    "version" : "1.0.0",
    "name" : "PractitionerSEVendorLite"
  },
  {
    "id" : "ServiceRequestSelfReferralSEVendorLite",
    "type" : "StructureDefinition",
    "url" : "https://commonprofiles.care/fhir/StructureDefinition/ServiceRequestSelfReferralSEVendorLite",
    "version" : "1.0.0",
    "name" : "ServiceRequestSelfReferralSEVendorLite"
  },
  {
    "id" : "common-hsaHierarchy",
    "type" : "StructureDefinition",
    "url" : "https://commonprofiles.care/fhir/StructureDefinition/common-hsaHierarchy",
    "version" : "1.0.0",
    "name" : "HsaHierarchy"
  }
]
