{
  "package": "care.commonprofiles.fhir",
  "version": "1.0.0",
  "fhirVersion": "4.0.1",
  "jurisdiction": "SE",
  "extensions": [
    {
      "url": "https://commonprofiles.care/fhir/StructureDefinition/common-hsaHierarchy",
      "title": "HSA Hierarchy",
      "types": [
        "Reference",
        "string",
        "Extension",
        "string",
        "uri",
        "Identifier",
        "string",
        "Extension",
        "code",
        "CodeableConcept",
        "uri",
        "string",
        "Period",
        "Reference",
        "string",
        "Reference",
        "string",
        "Extension",
        "string",
        "uri",
        "Identifier",
        "string",
        "Extension",
        "code",
        "CodeableConcept",
        "uri",
        "string",
        "Period",
        "Reference",
        "string",
        "base64Binary",
        "boolean",
        "canonical",
        "code",
        "date",
        "dateTime",
        "decimal",
        "id",
        "instant",
        "integer",
        "markdown",
        "oid",
        "positiveInt",
        "string",
        "time",
        "unsignedInt",
        "uri",
        "url",
        "uuid",
        "Address",
        "Age",
        "Annotation",
        "Attachment",
        "CodeableConcept",
        "Coding",
        "ContactPoint",
        "Count",
        "Distance",
        "Duration",
        "HumanName",
        "Identifier",
        "Money",
        "Period",
        "Quantity",
        "Range",
        "Ratio",
        "Reference",
        "SampledData",
        "Signature",
        "Timing",
        "ContactDetail",
        "Contributor",
        "DataRequirement",
        "Expression",
        "ParameterDefinition",
        "RelatedArtifact",
        "TriggerDefinition",
        "UsageContext",
        "Dosage",
        "Meta"
      ]
    }
  ],
  "profiles": {
    "Consent": [
      {
        "url": "https://commonprofiles.care/fhir/StructureDefinition/ConsentSJF",
        "title": "ConsentSJF"
      }
    ],
    "Organization": [
      {
        "url": "https://commonprofiles.care/fhir/StructureDefinition/OrganizationSEVendorLite",
        "title": "OrganizationSEVendorLite"
      }
    ],
    "Patient": [
      {
        "url": "https://commonprofiles.care/fhir/StructureDefinition/PatientIdentifierPatternConformanceSE",
        "title": "PatientIdentifierPatternConformanceSE"
      },
      {
        "url": "https://commonprofiles.care/fhir/StructureDefinition/PatientSEVendorLite",
        "title": "PatientSEVendorLite"
      }
    ],
    "Practitioner": [
      {
        "url": "https://commonprofiles.care/fhir/StructureDefinition/PractitionerSEVendorLite",
        "title": "PractitionerSEVendorLite"
      }
    ],
    "ServiceRequest": [
      {
        "url": "https://commonprofiles.care/fhir/StructureDefinition/ServiceRequestSelfReferralSEVendorLite",
        "title": "ServiceRequestSelfReferralSEVendorLite"
      }
    ]
  },
  "usage": {
    "http://hl7.org/fhir/StructureDefinition/elementdefinition-bestpractice": [
      "StructureDefinition.snapshot.element.constraint"
    ],
    "http://hl7.org/fhir/StructureDefinition/elementdefinition-bestpractice-explanation": [
      "StructureDefinition.snapshot.element.constraint"
    ],
    "http://hl7.org/fhir/StructureDefinition/elementdefinition-bindingName": [
      "StructureDefinition.snapshot.element.binding"
    ],
    "http://hl7.org/fhir/StructureDefinition/elementdefinition-isCommonBinding": [
      "StructureDefinition.snapshot.element.binding"
    ],
    "http://hl7.org/fhir/StructureDefinition/elementdefinition-maxValueSet": [
      "StructureDefinition.snapshot.element.binding"
    ],
    "http://hl7.org/fhir/StructureDefinition/elementdefinition-translatable": [
      "StructureDefinition.snapshot.element"
    ],
    "http://hl7.org/fhir/StructureDefinition/iso21090-ADXP-careOf": [
      "Organization.address.line"
    ],
    "http://hl7.org/fhir/StructureDefinition/iso21090-ADXP-streetAddressLine": [
      "Organization.address.line"
    ],
    "http://hl7.org/fhir/StructureDefinition/iso21090-EN-qualifier": [
      "Patient.name.given"
    ],
    "http://hl7.org/fhir/StructureDefinition/regex": [
      "StructureDefinition.snapshot.element.type"
    ],
    "http://hl7.org/fhir/StructureDefinition/structuredefinition-explicit-type-name": [
      "StructureDefinition.snapshot.element"
    ],
    "http://hl7.org/fhir/StructureDefinition/structuredefinition-fhir-type": [
      "StructureDefinition.snapshot.element.type"
    ],
    "http://hl7.org/fhir/StructureDefinition/structuredefinition-hierarchy": [
      "StructureDefinition.snapshot.element.type"
    ],
    "http://hl7.org/fhir/tools/StructureDefinition/ig-page-name": [
      "ImplementationGuide.definition.page",
      "ImplementationGuide.definition.page.page"
    ],
    "http://hl7.org/fhir/tools/StructureDefinition/ig-parameter": [
      "ImplementationGuide.definition"
    ],
    "http://hl7.org/fhir/tools/StructureDefinition/implementationguide-dependency-comment": [
      "ImplementationGuide.dependsOn"
    ],
    "http://hl7.org/fhir/tools/StructureDefinition/resource-information": [
      "ImplementationGuide.definition.resource"
    ],
    "http://hl7.se/fhir/ig/base/StructureDefinition/SEBaseAddressPersonExtension": [
      "Patient.address",
      "Practitioner.address"
    ],
    "http://hl7.se/fhir/ig/base/StructureDefinition/SEBaseMiddleNameExtension": [
      "Patient.name"
    ],
    "http://hl7.se/fhir/ig/base/StructureDefinition/SEBaseOwnFamilyExtension": [
      "Patient.name"
    ],
    "https://commonprofiles.care/fhir/StructureDefinition/common-hsaHierarchy": [
      "Organization"
    ]
  }
}