{
  "resourceType" : "StructureDefinition",
  "id" : "2d628742-6184-4392-8d03-90eeead126b7-18",
  "url" : "http://hl7.org/fhir/comparison/StructureDefinition/2d628742-6184-4392-8d03-90eeead126b7-18",
  "name" : "IntersectionServiceRequestSelfReferralSEVendorLiteAndServiceRequestSelfReferralSEVendorLite",
  "title" : "Intersection of null And null",
  "status" : "active",
  "date" : "2023-06-12T11:40:34+02:00",
  "jurisdiction" : [{
    "coding" : [{
      "system" : "urn:iso:std:iso:3166",
      "code" : "SE",
      "display" : "Sweden"
    }]
  }],
  "snapshot" : {
    "element" : [{
      "path" : "ServiceRequest",
      "short" : "A request for a service to be performed",
      "definition" : "A record of a request for service such as diagnostic investigations, treatments, or operations to be performed.",
      "alias" : ["diagnostic request",
      "referral",
      "referral request",
      "transfer of care request"],
      "min" : 0,
      "max" : "*",
      "constraint" : [{
        "extension" : [{
          "url" : "http://hl7.org/fhir/4.0/StructureDefinition/extension-ElementDefinition.constraint.xpath",
          "valueString" : "not(parent::f:contained and f:contained)"
        }],
        "key" : "dom-2",
        "severity" : "error",
        "human" : "If the resource is contained in another resource, it SHALL NOT contain nested Resources",
        "expression" : "contained.contained.empty()",
        "source" : "http://hl7.org/fhir/StructureDefinition/DomainResource"
      },
      {
        "extension" : [{
          "url" : "http://hl7.org/fhir/4.0/StructureDefinition/extension-ElementDefinition.constraint.xpath",
          "valueString" : "not(exists(for $id in f:contained/*/f:id/@value return $contained[not(parent::*/descendant::f:reference/@value=concat('#', $contained/*/id/@value) or descendant::f:reference[@value='#'])]))"
        }],
        "key" : "dom-3",
        "severity" : "error",
        "human" : "If the resource is contained in another resource, it SHALL be referred to from elsewhere in the resource or SHALL refer to the containing resource",
        "expression" : "contained.where((('#'+id in (%resource.descendants().reference | %resource.descendants().as(canonical) | %resource.descendants().as(uri) | %resource.descendants().as(url))) or descendants().where(reference = '#').exists() or descendants().where(as(canonical) = '#').exists() or descendants().where(as(canonical) = '#').exists()).not()).trace('unmatched', id).empty()",
        "source" : "http://hl7.org/fhir/StructureDefinition/DomainResource"
      },
      {
        "extension" : [{
          "url" : "http://hl7.org/fhir/4.0/StructureDefinition/extension-ElementDefinition.constraint.xpath",
          "valueString" : "not(exists(f:contained/*/f:meta/f:versionId)) and not(exists(f:contained/*/f:meta/f:lastUpdated))"
        }],
        "key" : "dom-4",
        "severity" : "error",
        "human" : "If a resource is contained in another resource, it SHALL NOT have a meta.versionId or a meta.lastUpdated",
        "expression" : "contained.meta.versionId.empty() and contained.meta.lastUpdated.empty()",
        "source" : "http://hl7.org/fhir/StructureDefinition/DomainResource"
      },
      {
        "extension" : [{
          "url" : "http://hl7.org/fhir/4.0/StructureDefinition/extension-ElementDefinition.constraint.xpath",
          "valueString" : "not(exists(f:contained/*/f:meta/f:security))"
        }],
        "key" : "dom-5",
        "severity" : "error",
        "human" : "If a resource is contained in another resource, it SHALL NOT have a security label",
        "expression" : "contained.meta.security.empty()",
        "source" : "http://hl7.org/fhir/StructureDefinition/DomainResource"
      },
      {
        "extension" : [{
          "url" : "http://hl7.org/fhir/StructureDefinition/elementdefinition-bestpractice",
          "valueBoolean" : true
        },
        {
          "url" : "http://hl7.org/fhir/StructureDefinition/elementdefinition-bestpractice-explanation",
          "valueMarkdown" : "When a resource has no narrative, only systems that fully understand the data can display the resource to a human safely. Including a human readable representation in the resource makes for a much more robust eco-system and cheaper handling of resources by intermediary systems. Some ecosystems restrict distribution of resources to only those systems that do fully understand the resources, and as a consequence implementers may believe that the narrative is superfluous. However experience shows that such eco-systems often open up to new participants over time."
        },
        {
          "url" : "http://hl7.org/fhir/4.0/StructureDefinition/extension-ElementDefinition.constraint.xpath",
          "valueString" : "exists(f:text/h:div)"
        }],
        "key" : "dom-6",
        "severity" : "warning",
        "human" : "A resource should have narrative for robust management",
        "expression" : "text.`div`.exists()",
        "source" : "http://hl7.org/fhir/StructureDefinition/DomainResource"
      },
      {
        "extension" : [{
          "url" : "http://hl7.org/fhir/4.0/StructureDefinition/extension-ElementDefinition.constraint.xpath",
          "valueString" : "exists(f:code) or not(exists(f:orderDetail))"
        }],
        "key" : "prr-1",
        "severity" : "error",
        "human" : "orderDetail SHALL only be present if code is present",
        "expression" : "orderDetail.empty() or code.exists()",
        "source" : "http://hl7.org/fhir/StructureDefinition/ServiceRequest"
      }],
      "mustSupport" : false,
      "isModifier" : false,
      "isSummary" : false,
      "mapping" : [{
        "identity" : "rim",
        "map" : "Entity. Role, or Act"
      },
      {
        "identity" : "workflow",
        "map" : "Request"
      },
      {
        "identity" : "v2",
        "map" : "ORC"
      },
      {
        "identity" : "rim",
        "map" : "Act[moodCode<=INT]"
      }]
    },
    {
      "path" : "ServiceRequest.id",
      "short" : "Logical id of this artifact",
      "definition" : "The logical id of the resource, as used in the URL for the resource. Once assigned, this value never changes.",
      "comment" : "The only time that a resource does not have an id is when it is being submitted to the server using a create operation.",
      "min" : 0,
      "max" : "1",
      "type" : [{
        "extension" : [{
          "url" : "http://hl7.org/fhir/StructureDefinition/structuredefinition-fhir-type",
          "valueUrl" : "id"
        }],
        "code" : "http://hl7.org/fhirpath/System.String"
      }],
      "mustSupport" : false,
      "isModifier" : false,
      "isSummary" : true
    },
    {
      "path" : "ServiceRequest.meta",
      "short" : "Metadata about the resource",
      "definition" : "The metadata about the resource. This is content that is maintained by the infrastructure. Changes to the content might not always be associated with version changes to the resource.",
      "min" : 0,
      "max" : "1",
      "type" : [{
        "code" : "Meta"
      }],
      "constraint" : [{
        "extension" : [{
          "url" : "http://hl7.org/fhir/4.0/StructureDefinition/extension-ElementDefinition.constraint.xpath",
          "valueString" : "@value|f:*|h:div"
        }],
        "key" : "ele-1",
        "severity" : "error",
        "human" : "All FHIR elements must have a @value or children",
        "expression" : "hasValue() or (children().count() > id.count())",
        "source" : "http://hl7.org/fhir/StructureDefinition/Element"
      }],
      "mustSupport" : false,
      "isModifier" : false,
      "isSummary" : true
    },
    {
      "path" : "ServiceRequest.implicitRules",
      "short" : "A set of rules under which this content was created",
      "definition" : "A reference to a set of rules that were followed when the resource was constructed, and which must be understood when processing the content. Often, this is a reference to an implementation guide that defines the special rules along with other profiles etc.",
      "comment" : "Asserting this rule set restricts the content to be only understood by a limited set of trading partners. This inherently limits the usefulness of the data in the long term. However, the existing health eco-system is highly fractured, and not yet ready to define, collect, and exchange data in a generally computable sense. Wherever possible, implementers and/or specification writers should avoid using this element. Often, when used, the URL is a reference to an implementation guide that defines these special rules as part of it's narrative along with other profiles, value sets, etc.",
      "min" : 0,
      "max" : "1",
      "type" : [{
        "code" : "uri"
      }],
      "constraint" : [{
        "extension" : [{
          "url" : "http://hl7.org/fhir/4.0/StructureDefinition/extension-ElementDefinition.constraint.xpath",
          "valueString" : "@value|f:*|h:div"
        }],
        "key" : "ele-1",
        "severity" : "error",
        "human" : "All FHIR elements must have a @value or children",
        "expression" : "hasValue() or (children().count() > id.count())",
        "source" : "http://hl7.org/fhir/StructureDefinition/Element"
      }],
      "mustSupport" : false,
      "isModifier" : true,
      "isSummary" : true
    },
    {
      "path" : "ServiceRequest.language",
      "short" : "Language of the resource content",
      "definition" : "The base language in which the resource is written.",
      "comment" : "Language is provided to support indexing and accessibility (typically, services such as text to speech use the language tag). The html language tag in the narrative applies  to the narrative. The language tag on the resource may be used to specify the language of other presentations generated from the data in the resource. Not all the content has to be in the base language. The Resource.language should not be assumed to apply to the narrative automatically. If a language is specified, it should it also be specified on the div element in the html (see rules in HTML5 for information about the relationship between xml:lang and the html lang attribute).",
      "min" : 0,
      "max" : "1",
      "type" : [{
        "code" : "code"
      }],
      "constraint" : [{
        "extension" : [{
          "url" : "http://hl7.org/fhir/4.0/StructureDefinition/extension-ElementDefinition.constraint.xpath",
          "valueString" : "@value|f:*|h:div"
        }],
        "key" : "ele-1",
        "severity" : "error",
        "human" : "All FHIR elements must have a @value or children",
        "expression" : "hasValue() or (children().count() > id.count())",
        "source" : "http://hl7.org/fhir/StructureDefinition/Element"
      }],
      "mustSupport" : false,
      "isModifier" : false,
      "isSummary" : false,
      "binding" : {
        "extension" : [{
          "url" : "http://hl7.org/fhir/StructureDefinition/elementdefinition-maxValueSet",
          "valueCanonical" : "http://hl7.org/fhir/ValueSet/all-languages"
        },
        {
          "url" : "http://hl7.org/fhir/StructureDefinition/elementdefinition-bindingName",
          "valueString" : "Language"
        },
        {
          "url" : "http://hl7.org/fhir/StructureDefinition/elementdefinition-isCommonBinding",
          "valueBoolean" : true
        }],
        "strength" : "preferred",
        "description" : "A human language.",
        "valueSet" : "http://hl7.org/fhir/ValueSet/languages"
      }
    },
    {
      "path" : "ServiceRequest.text",
      "short" : "Text summary of the resource, for human interpretation",
      "definition" : "A human-readable narrative that contains a summary of the resource and can be used to represent the content of the resource to a human. The narrative need not encode all the structured data, but is required to contain sufficient detail to make it \"clinically safe\" for a human to just read the narrative. Resource definitions may define what content should be represented in the narrative to ensure clinical safety.",
      "comment" : "Contained resources do not have narrative. Resources that are not contained SHOULD have a narrative. In some cases, a resource may only have text with little or no additional discrete data (as long as all minOccurs=1 elements are satisfied).  This may be necessary for data from legacy systems where information is captured as a \"text blob\" or where text is additionally entered raw or narrated and encoded information is added later.",
      "alias" : ["narrative",
      "html",
      "xhtml",
      "display"],
      "min" : 0,
      "max" : "1",
      "type" : [{
        "code" : "Narrative"
      }],
      "constraint" : [{
        "extension" : [{
          "url" : "http://hl7.org/fhir/4.0/StructureDefinition/extension-ElementDefinition.constraint.xpath",
          "valueString" : "@value|f:*|h:div"
        }],
        "key" : "ele-1",
        "severity" : "error",
        "human" : "All FHIR elements must have a @value or children",
        "expression" : "hasValue() or (children().count() > id.count())",
        "source" : "http://hl7.org/fhir/StructureDefinition/Element"
      }],
      "mustSupport" : false,
      "isModifier" : false,
      "isSummary" : false,
      "mapping" : [{
        "identity" : "rim",
        "map" : "Act.text?"
      }]
    },
    {
      "path" : "ServiceRequest.contained",
      "short" : "Contained, inline Resources",
      "definition" : "These resources do not have an independent existence apart from the resource that contains them - they cannot be identified independently, and nor can they have their own independent transaction scope.",
      "comment" : "This should never be done when the content can be identified properly, as once identification is lost, it is extremely difficult (and context dependent) to restore it again. Contained resources may have profiles and tags In their meta elements, but SHALL NOT have security labels.",
      "alias" : ["inline resources",
      "anonymous resources",
      "contained resources"],
      "min" : 0,
      "max" : "*",
      "type" : [{
        "code" : "Resource"
      }],
      "mustSupport" : false,
      "isModifier" : false,
      "isSummary" : false,
      "mapping" : [{
        "identity" : "rim",
        "map" : "N/A"
      }]
    },
    {
      "path" : "ServiceRequest.extension",
      "short" : "Additional content defined by implementations",
      "definition" : "May be used to represent additional information that is not part of the basic definition of the resource. To make the use of extensions safe and manageable, there is a strict set of governance  applied to the definition and use of extensions. Though any implementer can define an extension, there is a set of requirements that SHALL be met as part of the definition of the extension.",
      "comment" : "There can be no stigma associated with the use of extensions by any application, project, or standard - regardless of the institution or jurisdiction that uses or defines the extensions.  The use of extensions is what allows the FHIR specification to retain a core level of simplicity for everyone.",
      "alias" : ["extensions",
      "user content"],
      "min" : 0,
      "max" : "*",
      "type" : [{
        "code" : "Extension"
      }],
      "constraint" : [{
        "extension" : [{
          "url" : "http://hl7.org/fhir/4.0/StructureDefinition/extension-ElementDefinition.constraint.xpath",
          "valueString" : "@value|f:*|h:div"
        }],
        "key" : "ele-1",
        "severity" : "error",
        "human" : "All FHIR elements must have a @value or children",
        "expression" : "hasValue() or (children().count() > id.count())",
        "source" : "http://hl7.org/fhir/StructureDefinition/Element"
      },
      {
        "extension" : [{
          "url" : "http://hl7.org/fhir/4.0/StructureDefinition/extension-ElementDefinition.constraint.xpath",
          "valueString" : "exists(f:extension)!=exists(f:*[starts-with(local-name(.), \"value\")])"
        }],
        "key" : "ext-1",
        "severity" : "error",
        "human" : "Must have either extensions or value[x], not both",
        "expression" : "extension.exists() != value.exists()",
        "source" : "http://hl7.org/fhir/StructureDefinition/Extension"
      }],
      "mustSupport" : false,
      "isModifier" : false,
      "isSummary" : false,
      "mapping" : [{
        "identity" : "rim",
        "map" : "N/A"
      }]
    },
    {
      "path" : "ServiceRequest.modifierExtension",
      "short" : "Extensions that cannot be ignored",
      "definition" : "May be used to represent additional information that is not part of the basic definition of the resource and that modifies the understanding of the element that contains it and/or the understanding of the containing element's descendants. Usually modifier elements provide negation or qualification. To make the use of extensions safe and manageable, there is a strict set of governance applied to the definition and use of extensions. Though any implementer is allowed to define an extension, there is a set of requirements that SHALL be met as part of the definition of the extension. Applications processing a resource are required to check for modifier extensions.\n\nModifier extensions SHALL NOT change the meaning of any elements on Resource or DomainResource (including cannot change the meaning of modifierExtension itself).",
      "comment" : "There can be no stigma associated with the use of extensions by any application, project, or standard - regardless of the institution or jurisdiction that uses or defines the extensions.  The use of extensions is what allows the FHIR specification to retain a core level of simplicity for everyone.",
      "requirements" : "Modifier extensions allow for extensions that *cannot* be safely ignored to be clearly distinguished from the vast majority of extensions which can be safely ignored.  This promotes interoperability by eliminating the need for implementers to prohibit the presence of extensions. For further information, see the [definition of modifier extensions].",
      "alias" : ["extensions",
      "user content"],
      "min" : 0,
      "max" : "*",
      "type" : [{
        "code" : "Extension"
      }],
      "constraint" : [{
        "extension" : [{
          "url" : "http://hl7.org/fhir/4.0/StructureDefinition/extension-ElementDefinition.constraint.xpath",
          "valueString" : "@value|f:*|h:div"
        }],
        "key" : "ele-1",
        "severity" : "error",
        "human" : "All FHIR elements must have a @value or children",
        "expression" : "hasValue() or (children().count() > id.count())",
        "source" : "http://hl7.org/fhir/StructureDefinition/Element"
      },
      {
        "extension" : [{
          "url" : "http://hl7.org/fhir/4.0/StructureDefinition/extension-ElementDefinition.constraint.xpath",
          "valueString" : "exists(f:extension)!=exists(f:*[starts-with(local-name(.), \"value\")])"
        }],
        "key" : "ext-1",
        "severity" : "error",
        "human" : "Must have either extensions or value[x], not both",
        "expression" : "extension.exists() != value.exists()",
        "source" : "http://hl7.org/fhir/StructureDefinition/Extension"
      }],
      "mustSupport" : false,
      "isModifier" : true,
      "isSummary" : false,
      "mapping" : [{
        "identity" : "rim",
        "map" : "N/A"
      }]
    },
    {
      "path" : "ServiceRequest.identifier",
      "short" : "Identifiers assigned to this order",
      "definition" : "Identifiers assigned to this order instance by the orderer and/or the receiver and/or order fulfiller.",
      "comment" : "The identifier.type element is used to distinguish between the identifiers assigned by the orderer (known as the 'Placer' in HL7 v2) and the producer of the observations in response to the order (known as the 'Filler' in HL7 v2).  For further discussion and examples see the resource notes section below.",
      "min" : 0,
      "max" : "*",
      "type" : [{
        "code" : "Identifier"
      }],
      "constraint" : [{
        "extension" : [{
          "url" : "http://hl7.org/fhir/4.0/StructureDefinition/extension-ElementDefinition.constraint.xpath",
          "valueString" : "@value|f:*|h:div"
        }],
        "key" : "ele-1",
        "severity" : "error",
        "human" : "All FHIR elements must have a @value or children",
        "expression" : "hasValue() or (children().count() > id.count())",
        "source" : "http://hl7.org/fhir/StructureDefinition/Element"
      }],
      "mustSupport" : false,
      "isModifier" : false,
      "isSummary" : true,
      "mapping" : [{
        "identity" : "workflow",
        "map" : "Request.identifier"
      },
      {
        "identity" : "w5",
        "map" : "FiveWs.identifier"
      },
      {
        "identity" : "v2",
        "map" : "ORC.2, ORC.3, RF1-6 / RF1-11,"
      },
      {
        "identity" : "rim",
        "map" : ".identifier"
      },
      {
        "identity" : "quick",
        "map" : "ClinicalStatement.identifier"
      }]
    },
    {
      "path" : "ServiceRequest.instantiatesCanonical",
      "short" : "Instantiates FHIR protocol or definition",
      "definition" : "The URL pointing to a FHIR-defined protocol, guideline, orderset or other definition that is adhered to in whole or in part by this ServiceRequest.",
      "comment" : "Note: This is a business identifier, not a resource identifier (see [discussion]).  It is best practice for the identifier to only appear on a single resource instance, however business practices may occasionally dictate that multiple resource instances with the same identifier can exist - possibly even with different resource types.  For example, multiple Patient and a Person resource instance might share the same social insurance number.",
      "min" : 0,
      "max" : "0",
      "type" : [{
        "code" : "canonical",
        "targetProfile" : ["http://hl7.org/fhir/StructureDefinition/ActivityDefinition",
        "http://hl7.org/fhir/StructureDefinition/PlanDefinition"]
      }],
      "constraint" : [{
        "extension" : [{
          "url" : "http://hl7.org/fhir/4.0/StructureDefinition/extension-ElementDefinition.constraint.xpath",
          "valueString" : "@value|f:*|h:div"
        }],
        "key" : "ele-1",
        "severity" : "error",
        "human" : "All FHIR elements must have a @value or children",
        "expression" : "hasValue() or (children().count() > id.count())",
        "source" : "http://hl7.org/fhir/StructureDefinition/Element"
      }],
      "mustSupport" : false,
      "isModifier" : false,
      "isSummary" : true,
      "mapping" : [{
        "identity" : "workflow",
        "map" : "Request.instantiatesCanonical"
      },
      {
        "identity" : "v2",
        "map" : "Varies by domain"
      },
      {
        "identity" : "rim",
        "map" : ".outboundRelationship[typeCode=DEFN].target"
      }]
    },
    {
      "path" : "ServiceRequest.instantiatesUri",
      "short" : "Instantiates external protocol or definition",
      "definition" : "The URL pointing to an externally maintained protocol, guideline, orderset or other definition that is adhered to in whole or in part by this ServiceRequest.",
      "comment" : "This might be an HTML page, PDF, etc. or could just be a non-resolvable URI identifier.",
      "min" : 0,
      "max" : "0",
      "type" : [{
        "code" : "uri"
      }],
      "constraint" : [{
        "extension" : [{
          "url" : "http://hl7.org/fhir/4.0/StructureDefinition/extension-ElementDefinition.constraint.xpath",
          "valueString" : "@value|f:*|h:div"
        }],
        "key" : "ele-1",
        "severity" : "error",
        "human" : "All FHIR elements must have a @value or children",
        "expression" : "hasValue() or (children().count() > id.count())",
        "source" : "http://hl7.org/fhir/StructureDefinition/Element"
      }],
      "mustSupport" : false,
      "isModifier" : false,
      "isSummary" : true,
      "mapping" : [{
        "identity" : "workflow",
        "map" : "Request.instantiatesUri"
      },
      {
        "identity" : "v2",
        "map" : "Varies by domain"
      },
      {
        "identity" : "rim",
        "map" : ".outboundRelationship[typeCode=DEFN].target"
      }]
    },
    {
      "path" : "ServiceRequest.basedOn",
      "short" : "What request fulfills",
      "definition" : "Plan/proposal/order fulfilled by this request.",
      "alias" : ["fulfills"],
      "min" : 0,
      "max" : "0",
      "type" : [{
        "code" : "Reference",
        "targetProfile" : ["http://hl7.org/fhir/StructureDefinition/CarePlan",
        "http://hl7.org/fhir/StructureDefinition/ServiceRequest",
        "http://hl7.org/fhir/StructureDefinition/MedicationRequest"]
      }],
      "constraint" : [{
        "extension" : [{
          "url" : "http://hl7.org/fhir/4.0/StructureDefinition/extension-ElementDefinition.constraint.xpath",
          "valueString" : "@value|f:*|h:div"
        }],
        "key" : "ele-1",
        "severity" : "error",
        "human" : "All FHIR elements must have a @value or children",
        "expression" : "hasValue() or (children().count() > id.count())",
        "source" : "http://hl7.org/fhir/StructureDefinition/Element"
      }],
      "mustSupport" : false,
      "isModifier" : false,
      "isSummary" : true,
      "mapping" : [{
        "identity" : "workflow",
        "map" : "Request.basedOn"
      },
      {
        "identity" : "v2",
        "map" : "ORC.8 (plus others)"
      },
      {
        "identity" : "rim",
        "map" : ".outboundRelationship[typeCode=FLFS].target"
      }]
    },
    {
      "path" : "ServiceRequest.replaces",
      "short" : "What request replaces",
      "definition" : "The request takes the place of the referenced completed or terminated request(s).",
      "alias" : ["supersedes",
      "prior",
      "renewed order"],
      "min" : 0,
      "max" : "0",
      "type" : [{
        "code" : "Reference",
        "targetProfile" : ["http://hl7.org/fhir/StructureDefinition/ServiceRequest"]
      }],
      "constraint" : [{
        "extension" : [{
          "url" : "http://hl7.org/fhir/4.0/StructureDefinition/extension-ElementDefinition.constraint.xpath",
          "valueString" : "@value|f:*|h:div"
        }],
        "key" : "ele-1",
        "severity" : "error",
        "human" : "All FHIR elements must have a @value or children",
        "expression" : "hasValue() or (children().count() > id.count())",
        "source" : "http://hl7.org/fhir/StructureDefinition/Element"
      }],
      "mustSupport" : false,
      "isModifier" : false,
      "isSummary" : true,
      "mapping" : [{
        "identity" : "workflow",
        "map" : "Request.replaces"
      },
      {
        "identity" : "v2",
        "map" : "Handled by message location of ORC (ORC.1=RO or RU)"
      },
      {
        "identity" : "rim",
        "map" : ".outboundRelationship[typeCode=RPLC].target"
      }]
    },
    {
      "path" : "ServiceRequest.requisition",
      "short" : "Composite Request ID",
      "definition" : "A shared identifier common to all service requests that were authorized more or less simultaneously by a single author, representing the composite or group identifier.",
      "comment" : "Requests are linked either by a \"basedOn\" relationship (i.e. one request is fulfilling another) or by having a common requisition. Requests that are part of the same requisition are generally treated independently from the perspective of changing their state or maintaining them after initial creation.",
      "requirements" : "Some business processes need to know if multiple items were ordered as part of the same \"requisition\" for billing or other purposes.",
      "alias" : ["grouperId",
      "groupIdentifier"],
      "min" : 0,
      "max" : "0",
      "type" : [{
        "code" : "Identifier"
      }],
      "constraint" : [{
        "extension" : [{
          "url" : "http://hl7.org/fhir/4.0/StructureDefinition/extension-ElementDefinition.constraint.xpath",
          "valueString" : "@value|f:*|h:div"
        }],
        "key" : "ele-1",
        "severity" : "error",
        "human" : "All FHIR elements must have a @value or children",
        "expression" : "hasValue() or (children().count() > id.count())",
        "source" : "http://hl7.org/fhir/StructureDefinition/Element"
      }],
      "mustSupport" : false,
      "isModifier" : false,
      "isSummary" : true,
      "mapping" : [{
        "identity" : "workflow",
        "map" : "Request.groupIdentifier"
      },
      {
        "identity" : "v2",
        "map" : "ORC.4"
      },
      {
        "identity" : "rim",
        "map" : ".inboundRelationship(typeCode=COMP].source[moodCode=INT].identifier"
      }]
    },
    {
      "path" : "ServiceRequest.status",
      "short" : "draft | active | on-hold | revoked | completed | entered-in-error | unknown",
      "definition" : "The status of the order.",
      "comment" : "The status is generally fully in the control of the requester - they determine whether the order is draft or active and, after it has been activated, competed, cancelled or suspended. States relating to the activities of the performer are reflected on either the corresponding event (see [Event Pattern] for general discussion) or using the [Task] resource.",
      "min" : 1,
      "max" : "1",
      "type" : [{
        "code" : "code"
      }],
      "constraint" : [{
        "extension" : [{
          "url" : "http://hl7.org/fhir/4.0/StructureDefinition/extension-ElementDefinition.constraint.xpath",
          "valueString" : "@value|f:*|h:div"
        }],
        "key" : "ele-1",
        "severity" : "error",
        "human" : "All FHIR elements must have a @value or children",
        "expression" : "hasValue() or (children().count() > id.count())",
        "source" : "http://hl7.org/fhir/StructureDefinition/Element"
      }],
      "mustSupport" : false,
      "isModifier" : true,
      "isSummary" : true,
      "binding" : {
        "strength" : "required",
        "description" : "The status of a service order.",
        "valueSet" : "http://hl7.org/fhir/ValueSet/request-status|4.0.1"
      },
      "mapping" : [{
        "identity" : "workflow",
        "map" : "Request.status"
      },
      {
        "identity" : "w5",
        "map" : "FiveWs.status"
      },
      {
        "identity" : "v2",
        "map" : "ORC.5,RF1-1"
      },
      {
        "identity" : "rim",
        "map" : ".status"
      },
      {
        "identity" : "quick",
        "map" : "Action.currentStatus"
      }]
    },
    {
      "path" : "ServiceRequest.intent",
      "short" : "proposal | plan | directive | order | original-order | reflex-order | filler-order | instance-order | option",
      "definition" : "Whether the request is a proposal, plan, an original order or a reflex order.",
      "comment" : "This element is labeled as a modifier because the intent alters when and how the resource is actually applicable.",
      "min" : 1,
      "max" : "1",
      "type" : [{
        "code" : "code"
      }],
      "constraint" : [{
        "extension" : [{
          "url" : "http://hl7.org/fhir/4.0/StructureDefinition/extension-ElementDefinition.constraint.xpath",
          "valueString" : "@value|f:*|h:div"
        }],
        "key" : "ele-1",
        "severity" : "error",
        "human" : "All FHIR elements must have a @value or children",
        "expression" : "hasValue() or (children().count() > id.count())",
        "source" : "http://hl7.org/fhir/StructureDefinition/Element"
      }],
      "mustSupport" : false,
      "isModifier" : true,
      "isSummary" : true,
      "binding" : {
        "strength" : "required",
        "description" : "The kind of service request.",
        "valueSet" : "http://hl7.org/fhir/ValueSet/request-intent|4.0.1"
      },
      "mapping" : [{
        "identity" : "workflow",
        "map" : "Request.intent"
      },
      {
        "identity" : "w5",
        "map" : "FiveWs.class"
      },
      {
        "identity" : "v2",
        "map" : "N/A"
      },
      {
        "identity" : "rim",
        "map" : ".moodCode (nuances beyond PRP/PLAN/RQO would need to be elsewhere)"
      }]
    },
    {
      "path" : "ServiceRequest.category",
      "short" : "Classification of service",
      "definition" : "A code that classifies the service for searching, sorting and display purposes (e.g. \"Surgical Procedure\").",
      "comment" : "Removed as no common strategy for how to manage it among vendors and nationally",
      "requirements" : "Used for filtering what service request are retrieved and displayed.",
      "min" : 0,
      "max" : "0",
      "type" : [{
        "code" : "CodeableConcept"
      }],
      "constraint" : [{
        "extension" : [{
          "url" : "http://hl7.org/fhir/4.0/StructureDefinition/extension-ElementDefinition.constraint.xpath",
          "valueString" : "@value|f:*|h:div"
        }],
        "key" : "ele-1",
        "severity" : "error",
        "human" : "All FHIR elements must have a @value or children",
        "expression" : "hasValue() or (children().count() > id.count())",
        "source" : "http://hl7.org/fhir/StructureDefinition/Element"
      }],
      "mustSupport" : false,
      "isModifier" : false,
      "isSummary" : true,
      "binding" : {
        "extension" : [{
          "url" : "http://hl7.org/fhir/StructureDefinition/elementdefinition-bindingName",
          "valueString" : "ServiceRequestCategory"
        }],
        "strength" : "example",
        "description" : "Classification of the requested service.",
        "valueSet" : "http://hl7.org/fhir/ValueSet/servicerequest-category"
      },
      "mapping" : [{
        "identity" : "w5",
        "map" : "FiveWs.class"
      },
      {
        "identity" : "v2",
        "map" : "RF1-5"
      },
      {
        "identity" : "rim",
        "map" : ".outboundRelationship[typeCode=\"COMP].target[classCode=\"LIST\", moodCode=\"INT\"].code"
      }]
    },
    {
      "path" : "ServiceRequest.priority",
      "short" : "routine | urgent | asap | stat",
      "definition" : "Indicates how quickly the ServiceRequest should be addressed with respect to other requests.",
      "comment" : "Removed as not supported by most vendors",
      "min" : 0,
      "max" : "0",
      "type" : [{
        "code" : "code"
      }],
      "meaningWhenMissing" : "If missing, this task should be performed with normal priority",
      "constraint" : [{
        "extension" : [{
          "url" : "http://hl7.org/fhir/4.0/StructureDefinition/extension-ElementDefinition.constraint.xpath",
          "valueString" : "@value|f:*|h:div"
        }],
        "key" : "ele-1",
        "severity" : "error",
        "human" : "All FHIR elements must have a @value or children",
        "expression" : "hasValue() or (children().count() > id.count())",
        "source" : "http://hl7.org/fhir/StructureDefinition/Element"
      }],
      "mustSupport" : false,
      "isModifier" : false,
      "isSummary" : true,
      "binding" : {
        "strength" : "required",
        "description" : "Identifies the level of importance to be assigned to actioning the request.",
        "valueSet" : "http://hl7.org/fhir/ValueSet/request-priority|4.0.1"
      },
      "mapping" : [{
        "identity" : "workflow",
        "map" : "Request.priority"
      },
      {
        "identity" : "w5",
        "map" : "FiveWs.grade"
      },
      {
        "identity" : "v2",
        "map" : "TQ1.9, RF1-2"
      },
      {
        "identity" : "rim",
        "map" : ".priorityCode"
      }]
    },
    {
      "path" : "ServiceRequest.doNotPerform",
      "short" : "True if service/procedure should not be performed",
      "definition" : "Set this to true if the record is saying that the service/procedure should NOT be performed.",
      "comment" : "In general, only the code and timeframe will be present, though occasional additional qualifiers such as body site or even performer could be included to narrow the scope of the prohibition.  If the ServiceRequest.code and ServiceRequest.doNotPerform both contain negation, that will reinforce prohibition and should not have a double negative interpretation.",
      "requirements" : "Used for do not ambulate, do not elevate head of bed, do not flush NG tube, do not take blood pressure on a certain arm, etc.",
      "min" : 0,
      "max" : "0",
      "type" : [{
        "code" : "boolean"
      }],
      "meaningWhenMissing" : "If missing, the request is a positive request e.g. \"do perform\"",
      "constraint" : [{
        "extension" : [{
          "url" : "http://hl7.org/fhir/4.0/StructureDefinition/extension-ElementDefinition.constraint.xpath",
          "valueString" : "@value|f:*|h:div"
        }],
        "key" : "ele-1",
        "severity" : "error",
        "human" : "All FHIR elements must have a @value or children",
        "expression" : "hasValue() or (children().count() > id.count())",
        "source" : "http://hl7.org/fhir/StructureDefinition/Element"
      }],
      "mustSupport" : false,
      "isModifier" : true,
      "isSummary" : true,
      "mapping" : [{
        "identity" : "workflow",
        "map" : "Request.doNotPerform"
      },
      {
        "identity" : "rim",
        "map" : ".actionNegationInd"
      }]
    },
    {
      "path" : "ServiceRequest.code",
      "short" : "What is being requested/ordered",
      "definition" : "A code that identifies a particular service (i.e., procedure, diagnostic investigation, or panel of investigations) that have been requested.",
      "comment" : "Removed as no common strategy for how to manage it among vendors and nationally",
      "alias" : ["service requested"],
      "min" : 0,
      "max" : "0",
      "type" : [{
        "code" : "CodeableConcept"
      }],
      "constraint" : [{
        "extension" : [{
          "url" : "http://hl7.org/fhir/4.0/StructureDefinition/extension-ElementDefinition.constraint.xpath",
          "valueString" : "@value|f:*|h:div"
        }],
        "key" : "ele-1",
        "severity" : "error",
        "human" : "All FHIR elements must have a @value or children",
        "expression" : "hasValue() or (children().count() > id.count())",
        "source" : "http://hl7.org/fhir/StructureDefinition/Element"
      }],
      "mustSupport" : false,
      "isModifier" : false,
      "isSummary" : true,
      "binding" : {
        "extension" : [{
          "url" : "http://hl7.org/fhir/StructureDefinition/elementdefinition-bindingName",
          "valueString" : "ServiceRequestCode"
        }],
        "strength" : "example",
        "description" : "Codes for tests or services that can be carried out by a designated individual, organization or healthcare service.  For laboratory, LOINC is  (preferred)[http://build.fhir.org/terminologies.html#preferred] and a valueset using LOINC Order codes is available [here](valueset-diagnostic-requests.html).",
        "valueSet" : "http://hl7.org/fhir/ValueSet/procedure-code"
      },
      "mapping" : [{
        "identity" : "workflow",
        "map" : "Request.code"
      },
      {
        "identity" : "w5",
        "map" : "FiveWs.what[x]"
      },
      {
        "identity" : "v2",
        "map" : "PR1-3 / OBR-4  (varies by domain)"
      },
      {
        "identity" : "rim",
        "map" : ".code"
      },
      {
        "identity" : "quick",
        "map" : "Procedure.procedureCode"
      }]
    },
    {
      "path" : "ServiceRequest.orderDetail",
      "short" : "Additional order information",
      "definition" : "Additional details and instructions about the how the services are to be delivered.   For example, and order for a urinary catheter may have an order detail for an external or indwelling catheter, or an order for a bandage may require additional instructions specifying how the bandage should be applied.",
      "comment" : "Does not need to be included in a first version, not supported by multiple vendors",
      "alias" : ["detailed instructions"],
      "min" : 0,
      "max" : "0",
      "type" : [{
        "code" : "CodeableConcept"
      }],
      "constraint" : [{
        "extension" : [{
          "url" : "http://hl7.org/fhir/4.0/StructureDefinition/extension-ElementDefinition.constraint.xpath",
          "valueString" : "@value|f:*|h:div"
        }],
        "key" : "ele-1",
        "severity" : "error",
        "human" : "All FHIR elements must have a @value or children",
        "expression" : "hasValue() or (children().count() > id.count())",
        "source" : "http://hl7.org/fhir/StructureDefinition/Element"
      }],
      "mustSupport" : false,
      "isModifier" : false,
      "isSummary" : true,
      "binding" : {
        "extension" : [{
          "url" : "http://hl7.org/fhir/StructureDefinition/elementdefinition-bindingName",
          "valueString" : "OrderDetail"
        }],
        "strength" : "example",
        "description" : "Codified order entry details which are based on order context.",
        "valueSet" : "http://hl7.org/fhir/ValueSet/servicerequest-orderdetail"
      },
      "mapping" : [{
        "identity" : "v2",
        "map" : "NTE"
      },
      {
        "identity" : "rim",
        "map" : ".code"
      },
      {
        "identity" : "quick",
        "map" : "Procedure.procedureCode"
      }]
    },
    {
      "path" : "ServiceRequest.quantity[x]",
      "short" : "Service amount",
      "definition" : "An amount of service being requested which can be a quantity ( for example $1,500 home modification), a ratio ( for example, 20 half day visits per month), or a range (2.0 to 1.8 Gy per fraction).",
      "requirements" : "When ordering a service the number of service items may need to be specified separately from the the service item.",
      "min" : 0,
      "max" : "0",
      "type" : [{
        "code" : "Quantity"
      },
      {
        "code" : "Ratio"
      },
      {
        "code" : "Range"
      }],
      "constraint" : [{
        "extension" : [{
          "url" : "http://hl7.org/fhir/4.0/StructureDefinition/extension-ElementDefinition.constraint.xpath",
          "valueString" : "@value|f:*|h:div"
        }],
        "key" : "ele-1",
        "severity" : "error",
        "human" : "All FHIR elements must have a @value or children",
        "expression" : "hasValue() or (children().count() > id.count())",
        "source" : "http://hl7.org/fhir/StructureDefinition/Element"
      }],
      "mustSupport" : false,
      "isModifier" : false,
      "isSummary" : true,
      "mapping" : [{
        "identity" : "v2",
        "map" : "NTE"
      },
      {
        "identity" : "rim",
        "map" : ".quantity"
      }]
    },
    {
      "path" : "ServiceRequest.subject",
      "short" : "Individual or Entity the service is ordered for",
      "definition" : "On whom or what the service is to be performed. This is usually a human patient, but can also be requested on animals, groups of humans or animals, devices such as dialysis machines, or even locations (typically for environmental scans).",
      "min" : 1,
      "max" : "1",
      "type" : [{
        "code" : "Reference",
        "targetProfile" : ["http://hl7.org/fhir/StructureDefinition/Patient",
        "http://hl7.org/fhir/StructureDefinition/Group",
        "http://hl7.org/fhir/StructureDefinition/Location",
        "http://hl7.org/fhir/StructureDefinition/Device"]
      }],
      "constraint" : [{
        "extension" : [{
          "url" : "http://hl7.org/fhir/4.0/StructureDefinition/extension-ElementDefinition.constraint.xpath",
          "valueString" : "@value|f:*|h:div"
        }],
        "key" : "ele-1",
        "severity" : "error",
        "human" : "All FHIR elements must have a @value or children",
        "expression" : "hasValue() or (children().count() > id.count())",
        "source" : "http://hl7.org/fhir/StructureDefinition/Element"
      }],
      "mustSupport" : false,
      "isModifier" : false,
      "isSummary" : true,
      "mapping" : [{
        "identity" : "workflow",
        "map" : "Request.subject"
      },
      {
        "identity" : "w5",
        "map" : "FiveWs.subject[x]"
      },
      {
        "identity" : "v2",
        "map" : "PID"
      },
      {
        "identity" : "rim",
        "map" : ".participation[typeCode=SBJ].role"
      },
      {
        "identity" : "quick",
        "map" : "ClinicalStatement.subject"
      },
      {
        "identity" : "w5",
        "map" : "FiveWs.subject"
      }]
    },
    {
      "path" : "ServiceRequest.encounter",
      "short" : "Encounter in which the request was created",
      "definition" : "An encounter that provides additional information about the healthcare context in which this request is made.",
      "comment" : "Not applicable for self-referral as there has never been an encounter before the self-referral as it is the start of the process.",
      "alias" : ["context"],
      "min" : 0,
      "max" : "0",
      "type" : [{
        "code" : "Reference",
        "targetProfile" : ["http://hl7.org/fhir/StructureDefinition/Encounter"]
      }],
      "constraint" : [{
        "extension" : [{
          "url" : "http://hl7.org/fhir/4.0/StructureDefinition/extension-ElementDefinition.constraint.xpath",
          "valueString" : "@value|f:*|h:div"
        }],
        "key" : "ele-1",
        "severity" : "error",
        "human" : "All FHIR elements must have a @value or children",
        "expression" : "hasValue() or (children().count() > id.count())",
        "source" : "http://hl7.org/fhir/StructureDefinition/Element"
      }],
      "mustSupport" : false,
      "isModifier" : false,
      "isSummary" : true,
      "mapping" : [{
        "identity" : "workflow",
        "map" : "Request.encounter"
      },
      {
        "identity" : "w5",
        "map" : "FiveWs.context"
      },
      {
        "identity" : "v2",
        "map" : "PV1"
      },
      {
        "identity" : "rim",
        "map" : ".inboundRelationship(typeCode=COMP].source[classCode<=PCPR, moodCode=EVN]"
      },
      {
        "identity" : "quick",
        "map" : "ClinicalStatement.encounter"
      }]
    },
    {
      "path" : "ServiceRequest.occurrence[x]",
      "short" : "When service should occur",
      "definition" : "The date/time at which the requested service should occur.",
      "comment" : "Removed, self-referral is always here and now.",
      "alias" : ["schedule"],
      "min" : 0,
      "max" : "0",
      "type" : [{
        "code" : "dateTime"
      },
      {
        "code" : "Period"
      },
      {
        "code" : "Timing"
      }],
      "constraint" : [{
        "extension" : [{
          "url" : "http://hl7.org/fhir/4.0/StructureDefinition/extension-ElementDefinition.constraint.xpath",
          "valueString" : "@value|f:*|h:div"
        }],
        "key" : "ele-1",
        "severity" : "error",
        "human" : "All FHIR elements must have a @value or children",
        "expression" : "hasValue() or (children().count() > id.count())",
        "source" : "http://hl7.org/fhir/StructureDefinition/Element"
      }],
      "mustSupport" : false,
      "isModifier" : false,
      "isSummary" : true,
      "mapping" : [{
        "identity" : "workflow",
        "map" : "Request.occurrence[x]"
      },
      {
        "identity" : "w5",
        "map" : "FiveWs.planned"
      },
      {
        "identity" : "v2",
        "map" : "TQ1/TQ2, OBR-7/OBR-8"
      },
      {
        "identity" : "rim",
        "map" : ".effectiveTime"
      },
      {
        "identity" : "quick",
        "map" : "Procedure.procedureSchedule"
      }]
    },
    {
      "path" : "ServiceRequest.asNeeded[x]",
      "short" : "Preconditions for service",
      "definition" : "If a CodeableConcept is present, it indicates the pre-condition for performing the service.  For example \"pain\", \"on flare-up\", etc.",
      "comment" : "Not applicable for self-referral",
      "min" : 0,
      "max" : "0",
      "type" : [{
        "code" : "boolean"
      },
      {
        "code" : "CodeableConcept"
      }],
      "constraint" : [{
        "extension" : [{
          "url" : "http://hl7.org/fhir/4.0/StructureDefinition/extension-ElementDefinition.constraint.xpath",
          "valueString" : "@value|f:*|h:div"
        }],
        "key" : "ele-1",
        "severity" : "error",
        "human" : "All FHIR elements must have a @value or children",
        "expression" : "hasValue() or (children().count() > id.count())",
        "source" : "http://hl7.org/fhir/StructureDefinition/Element"
      }],
      "mustSupport" : false,
      "isModifier" : false,
      "isSummary" : true,
      "binding" : {
        "extension" : [{
          "url" : "http://hl7.org/fhir/StructureDefinition/elementdefinition-bindingName",
          "valueString" : "ProcedureAsNeededReason"
        }],
        "strength" : "example",
        "description" : "A coded concept identifying the pre-condition that should hold prior to performing a procedure.  For example \"pain\", \"on flare-up\", etc.",
        "valueSet" : "http://hl7.org/fhir/ValueSet/medication-as-needed-reason"
      },
      "mapping" : [{
        "identity" : "rim",
        "map" : "boolean: precondition.negationInd (inversed - so negationInd = true means asNeeded=false CodeableConcept: precondition.observationEventCriterion[code=\"Assertion\"].value"
      },
      {
        "identity" : "quick",
        "map" : "Proposal.prnReason.reason"
      }]
    },
    {
      "path" : "ServiceRequest.authoredOn",
      "short" : "Date request signed",
      "definition" : "When the request transitioned to being actionable.",
      "comment" : "Set as mandatory as needed for most systems due to waiting time requirements etc.",
      "alias" : ["orderedOn"],
      "min" : 1,
      "max" : "1",
      "type" : [{
        "code" : "dateTime"
      }],
      "constraint" : [{
        "extension" : [{
          "url" : "http://hl7.org/fhir/4.0/StructureDefinition/extension-ElementDefinition.constraint.xpath",
          "valueString" : "@value|f:*|h:div"
        }],
        "key" : "ele-1",
        "severity" : "error",
        "human" : "All FHIR elements must have a @value or children",
        "expression" : "hasValue() or (children().count() > id.count())",
        "source" : "http://hl7.org/fhir/StructureDefinition/Element"
      }],
      "mustSupport" : true,
      "isModifier" : false,
      "isSummary" : true,
      "mapping" : [{
        "identity" : "workflow",
        "map" : "Request.authoredOn"
      },
      {
        "identity" : "w5",
        "map" : "FiveWs.recorded"
      },
      {
        "identity" : "v2",
        "map" : "ORC.9,  RF1-7 / RF1-9"
      },
      {
        "identity" : "rim",
        "map" : ".participation[typeCode=AUT].time"
      },
      {
        "identity" : "quick",
        "map" : "Proposal.proposedAtTime"
      }]
    },
    {
      "path" : "ServiceRequest.requester",
      "short" : "Who/what is requesting service",
      "definition" : "The individual who initiated the request and has responsibility for its activation.",
      "comment" : "This not the dispatcher, but rather who is the authorizer.  This element is not intended to handle delegation which would generally be managed through the Provenance resource.",
      "alias" : ["author",
      "orderer"],
      "min" : 0,
      "max" : "1",
      "type" : [{
        "code" : "Reference",
        "targetProfile" : ["http://hl7.org/fhir/StructureDefinition/Practitioner",
        "http://hl7.org/fhir/StructureDefinition/PractitionerRole",
        "http://hl7.org/fhir/StructureDefinition/Organization",
        "http://hl7.org/fhir/StructureDefinition/Patient",
        "http://hl7.org/fhir/StructureDefinition/RelatedPerson",
        "http://hl7.org/fhir/StructureDefinition/Device"]
      }],
      "constraint" : [{
        "extension" : [{
          "url" : "http://hl7.org/fhir/4.0/StructureDefinition/extension-ElementDefinition.constraint.xpath",
          "valueString" : "@value|f:*|h:div"
        }],
        "key" : "ele-1",
        "severity" : "error",
        "human" : "All FHIR elements must have a @value or children",
        "expression" : "hasValue() or (children().count() > id.count())",
        "source" : "http://hl7.org/fhir/StructureDefinition/Element"
      }],
      "mustSupport" : false,
      "isModifier" : false,
      "isSummary" : true,
      "mapping" : [{
        "identity" : "workflow",
        "map" : "Request.requester"
      },
      {
        "identity" : "w5",
        "map" : "FiveWs.author"
      },
      {
        "identity" : "v2",
        "map" : "ORC.12, PRT"
      },
      {
        "identity" : "rim",
        "map" : ".participation[typeCode=AUT].role"
      },
      {
        "identity" : "quick",
        "map" : "ClinicalStatement.statementAuthor"
      }]
    },
    {
      "path" : "ServiceRequest.performerType",
      "short" : "Performer role",
      "definition" : "Desired type of performer for doing the requested service.",
      "comment" : "Not supported initially, could be good for future if we have a national list of roles/types",
      "alias" : ["specialty"],
      "min" : 0,
      "max" : "0",
      "type" : [{
        "code" : "CodeableConcept"
      }],
      "constraint" : [{
        "extension" : [{
          "url" : "http://hl7.org/fhir/4.0/StructureDefinition/extension-ElementDefinition.constraint.xpath",
          "valueString" : "@value|f:*|h:div"
        }],
        "key" : "ele-1",
        "severity" : "error",
        "human" : "All FHIR elements must have a @value or children",
        "expression" : "hasValue() or (children().count() > id.count())",
        "source" : "http://hl7.org/fhir/StructureDefinition/Element"
      }],
      "mustSupport" : false,
      "isModifier" : false,
      "isSummary" : true,
      "binding" : {
        "extension" : [{
          "url" : "http://hl7.org/fhir/StructureDefinition/elementdefinition-bindingName",
          "valueString" : "ServiceRequestParticipantRole"
        }],
        "strength" : "example",
        "description" : "Indicates specific responsibility of an individual within the care team, such as \"Primary physician\", \"Team coordinator\", \"Caregiver\", etc.",
        "valueSet" : "http://hl7.org/fhir/ValueSet/participant-role"
      },
      "mapping" : [{
        "identity" : "workflow",
        "map" : "Request.performerType"
      },
      {
        "identity" : "w5",
        "map" : "FiveWs.actor"
      },
      {
        "identity" : "v2",
        "map" : "PRT, RF!-3"
      },
      {
        "identity" : "rim",
        "map" : ".participation[typeCode=PRF].role[scoper.determinerCode=KIND].code"
      }]
    },
    {
      "path" : "ServiceRequest.performer",
      "short" : "Requested performer",
      "definition" : "The desired performer for doing the requested service.  For example, the surgeon, dermatopathologist, endoscopist, etc.",
      "comment" : "Id of the organization (normally via a HSA id)",
      "alias" : ["request recipient"],
      "min" : 1,
      "max" : "1",
      "type" : [{
        "code" : "Reference",
        "targetProfile" : ["http://hl7.org/fhir/StructureDefinition/Organization"]
      }],
      "constraint" : [{
        "extension" : [{
          "url" : "http://hl7.org/fhir/4.0/StructureDefinition/extension-ElementDefinition.constraint.xpath",
          "valueString" : "@value|f:*|h:div"
        }],
        "key" : "ele-1",
        "severity" : "error",
        "human" : "All FHIR elements must have a @value or children",
        "expression" : "hasValue() or (children().count() > id.count())",
        "source" : "http://hl7.org/fhir/StructureDefinition/Element"
      }],
      "mustSupport" : true,
      "isModifier" : false,
      "isSummary" : true,
      "mapping" : [{
        "identity" : "workflow",
        "map" : "Request.performer"
      },
      {
        "identity" : "w5",
        "map" : "FiveWs.actor"
      },
      {
        "identity" : "v2",
        "map" : "PRT, Practitioner: PRD-2/PRD-7 where PRD-3 = RT; Organization: PRD-10 where PRD-3 = RT"
      },
      {
        "identity" : "rim",
        "map" : ".participation[typeCode=PRF].role[scoper.determinerCode=INSTANCE]"
      }]
    },
    {
      "path" : "ServiceRequest.performer.id",
      "representation" : ["xmlAttr"],
      "short" : "Unique id for inter-element referencing",
      "definition" : "Unique id for the element within a resource (for internal references). This may be any string value that does not contain spaces.",
      "min" : 0,
      "max" : "1",
      "type" : [{
        "extension" : [{
          "url" : "http://hl7.org/fhir/StructureDefinition/structuredefinition-fhir-type",
          "valueUrl" : "string"
        }],
        "code" : "http://hl7.org/fhirpath/System.String"
      }],
      "mustSupport" : false,
      "isModifier" : false,
      "isSummary" : false,
      "mapping" : [{
        "identity" : "rim",
        "map" : "n/a"
      }]
    },
    {
      "path" : "ServiceRequest.performer.extension",
      "short" : "Additional content defined by implementations",
      "definition" : "May be used to represent additional information that is not part of the basic definition of the element. To make the use of extensions safe and manageable, there is a strict set of governance  applied to the definition and use of extensions. Though any implementer can define an extension, there is a set of requirements that SHALL be met as part of the definition of the extension.",
      "comment" : "There can be no stigma associated with the use of extensions by any application, project, or standard - regardless of the institution or jurisdiction that uses or defines the extensions.  The use of extensions is what allows the FHIR specification to retain a core level of simplicity for everyone.",
      "alias" : ["extensions",
      "user content"],
      "min" : 0,
      "max" : "*",
      "type" : [{
        "code" : "Extension"
      }],
      "constraint" : [{
        "extension" : [{
          "url" : "http://hl7.org/fhir/4.0/StructureDefinition/extension-ElementDefinition.constraint.xpath",
          "valueString" : "@value|f:*|h:div"
        }],
        "key" : "ele-1",
        "severity" : "error",
        "human" : "All FHIR elements must have a @value or children",
        "expression" : "hasValue() or (children().count() > id.count())",
        "source" : "http://hl7.org/fhir/StructureDefinition/Element"
      },
      {
        "extension" : [{
          "url" : "http://hl7.org/fhir/4.0/StructureDefinition/extension-ElementDefinition.constraint.xpath",
          "valueString" : "exists(f:extension)!=exists(f:*[starts-with(local-name(.), \"value\")])"
        }],
        "key" : "ext-1",
        "severity" : "error",
        "human" : "Must have either extensions or value[x], not both",
        "expression" : "extension.exists() != value.exists()",
        "source" : "http://hl7.org/fhir/StructureDefinition/Extension"
      }],
      "mustSupport" : false,
      "isModifier" : false,
      "isSummary" : false,
      "mapping" : [{
        "identity" : "rim",
        "map" : "n/a"
      }]
    },
    {
      "path" : "ServiceRequest.performer.reference",
      "short" : "Literal reference, Relative, internal or absolute URL",
      "definition" : "A reference to a location at which the other resource is found. The reference may be a relative reference, in which case it is relative to the service base URL, or an absolute URL that resolves to the location where the resource is found. The reference may be version specific or not. If the reference is not to a FHIR RESTful server, then it should be assumed to be version specific. Internal fragment references (start with '#') refer to contained resources.",
      "comment" : "Using absolute URLs provides a stable scalable approach suitable for a cloud/web context, while using relative/logical references provides a flexible approach suitable for use when trading across closed eco-system boundaries.   Absolute URLs do not need to point to a FHIR RESTful server, though this is the preferred approach. If the URL conforms to the structure \"/[type]/[id]\" then it should be assumed that the reference is to a FHIR RESTful server.",
      "min" : 0,
      "max" : "1",
      "type" : [{
        "code" : "string"
      }],
      "constraint" : [{
        "extension" : [{
          "url" : "http://hl7.org/fhir/4.0/StructureDefinition/extension-ElementDefinition.constraint.xpath",
          "valueString" : "@value|f:*|h:div"
        }],
        "key" : "ele-1",
        "severity" : "error",
        "human" : "All FHIR elements must have a @value or children",
        "expression" : "hasValue() or (children().count() > id.count())",
        "source" : "http://hl7.org/fhir/StructureDefinition/Element"
      }],
      "mustSupport" : false,
      "isModifier" : false,
      "isSummary" : true,
      "mapping" : [{
        "identity" : "rim",
        "map" : "N/A"
      }]
    },
    {
      "path" : "ServiceRequest.performer.type",
      "short" : "Type the reference refers to (e.g. \"Patient\")",
      "definition" : "The expected type of the target of the reference. If both Reference.type and Reference.reference are populated and Reference.reference is a FHIR URL, both SHALL be consistent.\n\nThe type is the Canonical URL of Resource Definition that is the type this reference refers to. References are URLs that are relative to http://hl7.org/fhir/StructureDefinition/ e.g. \"Patient\" is a reference to http://hl7.org/fhir/StructureDefinition/Patient. Absolute URLs are only allowed for logical models (and can only be used in references in logical models, not resources).",
      "comment" : "This element is used to indicate the type of  the target of the reference. This may be used which ever of the other elements are populated (or not). In some cases, the type of the target may be determined by inspection of the reference (e.g. a RESTful URL) or by resolving the target of the reference; if both the type and a reference is provided, the reference SHALL resolve to a resource of the same type as that specified.",
      "min" : 0,
      "max" : "1",
      "type" : [{
        "code" : "uri"
      }],
      "constraint" : [{
        "extension" : [{
          "url" : "http://hl7.org/fhir/4.0/StructureDefinition/extension-ElementDefinition.constraint.xpath",
          "valueString" : "@value|f:*|h:div"
        }],
        "key" : "ele-1",
        "severity" : "error",
        "human" : "All FHIR elements must have a @value or children",
        "expression" : "hasValue() or (children().count() > id.count())",
        "source" : "http://hl7.org/fhir/StructureDefinition/Element"
      }],
      "mustSupport" : false,
      "isModifier" : false,
      "isSummary" : true,
      "binding" : {
        "strength" : "extensible",
        "description" : "Aa resource (or, for logical models, the URI of the logical model).",
        "valueSet" : "http://hl7.org/fhir/ValueSet/resource-types"
      },
      "mapping" : [{
        "identity" : "rim",
        "map" : "N/A"
      }]
    },
    {
      "path" : "ServiceRequest.performer.identifier",
      "short" : "Logical reference, when literal reference is not known",
      "definition" : "An identifier for the target resource. This is used when there is no way to reference the other resource directly, either because the entity it represents is not available through a FHIR server, or because there is no way for the author of the resource to convert a known identifier to an actual location. There is no requirement that a Reference.identifier point to something that is actually exposed as a FHIR instance, but it SHALL point to a business concept that would be expected to be exposed as a FHIR instance, and that instance would need to be of a FHIR resource type allowed by the reference.",
      "comment" : "When an identifier is provided in place of a reference, any system processing the reference will only be able to resolve the identifier to a reference if it understands the business context in which the identifier is used. Sometimes this is global (e.g. a national identifier) but often it is not. For this reason, none of the useful mechanisms described for working with references (e.g. chaining, includes) are possible, nor should servers be expected to be able resolve the reference. Servers may accept an identifier based reference untouched, resolve it, and/or reject it - see CapabilityStatement.rest.resource.referencePolicy. \n\nWhen both an identifier and a literal reference are provided, the literal reference is preferred. Applications processing the resource are allowed - but not required - to check that the identifier matches the literal reference\n\nApplications converting a logical reference to a literal reference may choose to leave the logical reference present, or remove it.\n\nReference is intended to point to a structure that can potentially be expressed as a FHIR resource, though there is no need for it to exist as an actual FHIR resource instance - except in as much as an application wishes to actual find the target of the reference. The content referred to be the identifier must meet the logical constraints implied by any limitations on what resource types are permitted for the reference.  For example, it would not be legitimate to send the identifier for a drug prescription if the type were Reference(Observation|DiagnosticReport).  One of the use-cases for Reference.identifier is the situation where no FHIR representation exists (where the type is Reference (Any).",
      "min" : 0,
      "max" : "1",
      "type" : [{
        "code" : "Identifier"
      }],
      "constraint" : [{
        "extension" : [{
          "url" : "http://hl7.org/fhir/4.0/StructureDefinition/extension-ElementDefinition.constraint.xpath",
          "valueString" : "@value|f:*|h:div"
        }],
        "key" : "ele-1",
        "severity" : "error",
        "human" : "All FHIR elements must have a @value or children",
        "expression" : "hasValue() or (children().count() > id.count())",
        "source" : "http://hl7.org/fhir/StructureDefinition/Element"
      }],
      "mustSupport" : false,
      "isModifier" : false,
      "isSummary" : true,
      "mapping" : [{
        "identity" : "rim",
        "map" : ".identifier"
      }]
    },
    {
      "path" : "ServiceRequest.performer.display",
      "short" : "Text alternative for the resource",
      "definition" : "Plain text narrative that identifies the resource in addition to the resource reference.",
      "comment" : "This is generally not the same as the Resource.text of the referenced resource.  The purpose is to identify what's being referenced, not to fully describe it.",
      "min" : 0,
      "max" : "1",
      "type" : [{
        "code" : "string"
      }],
      "constraint" : [{
        "extension" : [{
          "url" : "http://hl7.org/fhir/4.0/StructureDefinition/extension-ElementDefinition.constraint.xpath",
          "valueString" : "@value|f:*|h:div"
        }],
        "key" : "ele-1",
        "severity" : "error",
        "human" : "All FHIR elements must have a @value or children",
        "expression" : "hasValue() or (children().count() > id.count())",
        "source" : "http://hl7.org/fhir/StructureDefinition/Element"
      }],
      "mustSupport" : false,
      "isModifier" : false,
      "isSummary" : true,
      "mapping" : [{
        "identity" : "rim",
        "map" : "N/A"
      }]
    },
    {
      "path" : "ServiceRequest.locationCode",
      "short" : "Requested location",
      "definition" : "The preferred location(s) where the procedure should actually happen in coded or free text form. E.g. at home or nursing day care center.",
      "min" : 0,
      "max" : "0",
      "type" : [{
        "code" : "CodeableConcept"
      }],
      "constraint" : [{
        "extension" : [{
          "url" : "http://hl7.org/fhir/4.0/StructureDefinition/extension-ElementDefinition.constraint.xpath",
          "valueString" : "@value|f:*|h:div"
        }],
        "key" : "ele-1",
        "severity" : "error",
        "human" : "All FHIR elements must have a @value or children",
        "expression" : "hasValue() or (children().count() > id.count())",
        "source" : "http://hl7.org/fhir/StructureDefinition/Element"
      }],
      "mustSupport" : false,
      "isModifier" : false,
      "isSummary" : true,
      "binding" : {
        "extension" : [{
          "url" : "http://hl7.org/fhir/StructureDefinition/elementdefinition-bindingName",
          "valueString" : "ServiceRequestLocation"
        }],
        "strength" : "example",
        "description" : "A location type where services are delivered.",
        "valueSet" : "http://terminology.hl7.org/ValueSet/v3-ServiceDeliveryLocationRoleType"
      },
      "mapping" : [{
        "identity" : "w5",
        "map" : "FiveWs.actor"
      },
      {
        "identity" : "rim",
        "map" : ".participation[typeCode=LOC].role[scoper.determinerCode=KIND].code"
      }]
    },
    {
      "path" : "ServiceRequest.locationReference",
      "short" : "Requested location",
      "definition" : "A reference to the the preferred location(s) where the procedure should actually happen. E.g. at home or nursing day care center.",
      "comment" : "The target \"location\" for the request is on performer attribute",
      "min" : 0,
      "max" : "0",
      "type" : [{
        "code" : "Reference",
        "targetProfile" : ["http://hl7.org/fhir/StructureDefinition/Location"]
      }],
      "constraint" : [{
        "extension" : [{
          "url" : "http://hl7.org/fhir/4.0/StructureDefinition/extension-ElementDefinition.constraint.xpath",
          "valueString" : "@value|f:*|h:div"
        }],
        "key" : "ele-1",
        "severity" : "error",
        "human" : "All FHIR elements must have a @value or children",
        "expression" : "hasValue() or (children().count() > id.count())",
        "source" : "http://hl7.org/fhir/StructureDefinition/Element"
      }],
      "mustSupport" : false,
      "isModifier" : false,
      "isSummary" : true,
      "mapping" : [{
        "identity" : "w5",
        "map" : "FiveWs.actor"
      },
      {
        "identity" : "rim",
        "map" : ".participation[typeCode=LOC].role[scoper.determinerCode=INSTANCE]"
      }]
    },
    {
      "path" : "ServiceRequest.reasonCode",
      "short" : "Explanation/Justification for procedure or service",
      "definition" : "An explanation or justification for why this service is being requested in coded or textual form.   This is often for billing purposes.  May relate to the resources referred to in `supportingInfo`.",
      "comment" : "Only one reason code is supported by most vendors, hence constrained to 0..1",
      "min" : 0,
      "max" : "1",
      "type" : [{
        "code" : "CodeableConcept"
      }],
      "constraint" : [{
        "extension" : [{
          "url" : "http://hl7.org/fhir/4.0/StructureDefinition/extension-ElementDefinition.constraint.xpath",
          "valueString" : "@value|f:*|h:div"
        }],
        "key" : "ele-1",
        "severity" : "error",
        "human" : "All FHIR elements must have a @value or children",
        "expression" : "hasValue() or (children().count() > id.count())",
        "source" : "http://hl7.org/fhir/StructureDefinition/Element"
      }],
      "mustSupport" : true,
      "isModifier" : false,
      "isSummary" : true,
      "binding" : {
        "extension" : [{
          "url" : "http://hl7.org/fhir/StructureDefinition/elementdefinition-bindingName",
          "valueString" : "ServiceRequestReason"
        }],
        "strength" : "example",
        "description" : "Diagnosis or problem codes justifying the reason for requesting the service investigation.",
        "valueSet" : "http://hl7.org/fhir/ValueSet/procedure-reason"
      },
      "mapping" : [{
        "identity" : "workflow",
        "map" : "Request.reasonCode"
      },
      {
        "identity" : "w5",
        "map" : "FiveWs.why[x]"
      },
      {
        "identity" : "v2",
        "map" : "ORC.16, RF1-10"
      },
      {
        "identity" : "rim",
        "map" : ".reasonCode"
      }]
    },
    {
      "path" : "ServiceRequest.reasonReference",
      "short" : "Explanation/Justification for service or service",
      "definition" : "Indicates another resource that provides a justification for why this service is being requested.   May relate to the resources referred to in `supportingInfo`.",
      "comment" : "Not supported by most vendors",
      "min" : 0,
      "max" : "0",
      "type" : [{
        "code" : "Reference",
        "targetProfile" : ["http://hl7.org/fhir/StructureDefinition/Condition",
        "http://hl7.org/fhir/StructureDefinition/Observation",
        "http://hl7.org/fhir/StructureDefinition/DiagnosticReport",
        "http://hl7.org/fhir/StructureDefinition/DocumentReference"]
      }],
      "constraint" : [{
        "extension" : [{
          "url" : "http://hl7.org/fhir/4.0/StructureDefinition/extension-ElementDefinition.constraint.xpath",
          "valueString" : "@value|f:*|h:div"
        }],
        "key" : "ele-1",
        "severity" : "error",
        "human" : "All FHIR elements must have a @value or children",
        "expression" : "hasValue() or (children().count() > id.count())",
        "source" : "http://hl7.org/fhir/StructureDefinition/Element"
      }],
      "mustSupport" : false,
      "isModifier" : false,
      "isSummary" : true,
      "mapping" : [{
        "identity" : "workflow",
        "map" : "Request.reasonReference"
      },
      {
        "identity" : "w5",
        "map" : "FiveWs.why[x]"
      },
      {
        "identity" : "v2",
        "map" : "ORC.16"
      },
      {
        "identity" : "rim",
        "map" : ".outboundRelationship[typeCode=RSON].target"
      }]
    },
    {
      "path" : "ServiceRequest.insurance",
      "short" : "Associated insurance coverage",
      "definition" : "Insurance plans, coverage extensions, pre-authorizations and/or pre-determinations that may be needed for delivering the requested service.",
      "min" : 0,
      "max" : "0",
      "type" : [{
        "code" : "Reference",
        "targetProfile" : ["http://hl7.org/fhir/StructureDefinition/Coverage",
        "http://hl7.org/fhir/StructureDefinition/ClaimResponse"]
      }],
      "constraint" : [{
        "extension" : [{
          "url" : "http://hl7.org/fhir/4.0/StructureDefinition/extension-ElementDefinition.constraint.xpath",
          "valueString" : "@value|f:*|h:div"
        }],
        "key" : "ele-1",
        "severity" : "error",
        "human" : "All FHIR elements must have a @value or children",
        "expression" : "hasValue() or (children().count() > id.count())",
        "source" : "http://hl7.org/fhir/StructureDefinition/Element"
      }],
      "mustSupport" : false,
      "isModifier" : false,
      "isSummary" : false,
      "mapping" : [{
        "identity" : "workflow",
        "map" : "Request.insurance"
      },
      {
        "identity" : "v2",
        "map" : "IN1/IN2"
      },
      {
        "identity" : "rim",
        "map" : ".outboundRelationship[typeCode=COVBY].target"
      }]
    },
    {
      "path" : "ServiceRequest.supportingInfo",
      "short" : "Additional clinical information",
      "definition" : "Additional clinical information about the patient or specimen that may influence the services or their interpretations.     This information includes diagnosis, clinical findings and other observations.  In laboratory ordering these are typically referred to as \"ask at order entry questions (AOEs)\".  This includes observations explicitly requested by the producer (filler) to provide context or supporting information needed to complete the order. For example,  reporting the amount of inspired oxygen for blood gas measurements.",
      "comment" : "To represent information about how the services are to be delivered use the `instructions` element.",
      "alias" : ["Ask at order entry question",
      "AOE"],
      "min" : 0,
      "max" : "0",
      "type" : [{
        "code" : "Reference",
        "targetProfile" : ["http://hl7.org/fhir/StructureDefinition/Resource"]
      }],
      "constraint" : [{
        "extension" : [{
          "url" : "http://hl7.org/fhir/4.0/StructureDefinition/extension-ElementDefinition.constraint.xpath",
          "valueString" : "@value|f:*|h:div"
        }],
        "key" : "ele-1",
        "severity" : "error",
        "human" : "All FHIR elements must have a @value or children",
        "expression" : "hasValue() or (children().count() > id.count())",
        "source" : "http://hl7.org/fhir/StructureDefinition/Element"
      }],
      "mustSupport" : false,
      "isModifier" : false,
      "isSummary" : false,
      "mapping" : [{
        "identity" : "workflow",
        "map" : "Request.supportingInfo"
      },
      {
        "identity" : "v2",
        "map" : "Accompanying segments"
      },
      {
        "identity" : "rim",
        "map" : ".outboundRelationship[typeCode=PERT].target"
      }]
    },
    {
      "path" : "ServiceRequest.specimen",
      "short" : "Procedure Samples",
      "definition" : "One or more specimens that the laboratory procedure will use.",
      "comment" : "Many diagnostic procedures need a specimen, but the request itself is not actually about the specimen. This element is for when the diagnostic is requested on already existing specimens and the request points to the specimen it applies to.    Conversely, if the request is entered first with an unknown specimen, then the [Specimen] resource points to the ServiceRequest.",
      "min" : 0,
      "max" : "0",
      "type" : [{
        "code" : "Reference",
        "targetProfile" : ["http://hl7.org/fhir/StructureDefinition/Specimen"]
      }],
      "constraint" : [{
        "extension" : [{
          "url" : "http://hl7.org/fhir/4.0/StructureDefinition/extension-ElementDefinition.constraint.xpath",
          "valueString" : "@value|f:*|h:div"
        }],
        "key" : "ele-1",
        "severity" : "error",
        "human" : "All FHIR elements must have a @value or children",
        "expression" : "hasValue() or (children().count() > id.count())",
        "source" : "http://hl7.org/fhir/StructureDefinition/Element"
      }],
      "mustSupport" : false,
      "isModifier" : false,
      "isSummary" : true,
      "mapping" : [{
        "identity" : "v2",
        "map" : "SPM"
      },
      {
        "identity" : "rim",
        "map" : ".participation[typeCode=SPC].role"
      }]
    },
    {
      "path" : "ServiceRequest.bodySite",
      "short" : "Location on Body",
      "definition" : "Anatomic location where the procedure should be performed. This is the target site.",
      "comment" : "Not supported by most vendors",
      "requirements" : "Knowing where the procedure is performed is important for tracking if multiple sites are possible.",
      "alias" : ["location"],
      "min" : 0,
      "max" : "0",
      "type" : [{
        "code" : "CodeableConcept"
      }],
      "constraint" : [{
        "extension" : [{
          "url" : "http://hl7.org/fhir/4.0/StructureDefinition/extension-ElementDefinition.constraint.xpath",
          "valueString" : "@value|f:*|h:div"
        }],
        "key" : "ele-1",
        "severity" : "error",
        "human" : "All FHIR elements must have a @value or children",
        "expression" : "hasValue() or (children().count() > id.count())",
        "source" : "http://hl7.org/fhir/StructureDefinition/Element"
      }],
      "mustSupport" : false,
      "isModifier" : false,
      "isSummary" : true,
      "binding" : {
        "extension" : [{
          "url" : "http://hl7.org/fhir/StructureDefinition/elementdefinition-bindingName",
          "valueString" : "BodySite"
        }],
        "strength" : "example",
        "description" : "Codes describing anatomical locations. May include laterality.",
        "valueSet" : "http://hl7.org/fhir/ValueSet/body-site"
      },
      "mapping" : [{
        "identity" : "v2",
        "map" : "SPM"
      },
      {
        "identity" : "rim",
        "map" : "targetSiteCode"
      },
      {
        "identity" : "quick",
        "map" : "Procedure.targetBodySite"
      }]
    },
    {
      "path" : "ServiceRequest.note",
      "short" : "Comments",
      "definition" : "Any other notes and comments made about the service request. For example, internal billing notes.",
      "comment" : "Removed, should be managed in more structured ways, potentially using Q and QR",
      "min" : 0,
      "max" : "0",
      "type" : [{
        "code" : "Annotation"
      }],
      "constraint" : [{
        "extension" : [{
          "url" : "http://hl7.org/fhir/4.0/StructureDefinition/extension-ElementDefinition.constraint.xpath",
          "valueString" : "@value|f:*|h:div"
        }],
        "key" : "ele-1",
        "severity" : "error",
        "human" : "All FHIR elements must have a @value or children",
        "expression" : "hasValue() or (children().count() > id.count())",
        "source" : "http://hl7.org/fhir/StructureDefinition/Element"
      }],
      "mustSupport" : false,
      "isModifier" : false,
      "isSummary" : false,
      "mapping" : [{
        "identity" : "workflow",
        "map" : "Request.note"
      },
      {
        "identity" : "v2",
        "map" : "NTE"
      },
      {
        "identity" : "rim",
        "map" : ".inboundRelationship(typeCode=SUBJ].source[classCode=ANNGEN, moodCode=EVN].value[xsi:type=ST]"
      },
      {
        "identity" : "quick",
        "map" : "ClinicalStatement.additionalText"
      }]
    },
    {
      "path" : "ServiceRequest.patientInstruction",
      "short" : "Patient or consumer-oriented instructions",
      "definition" : "Instructions in terms that are understood by the patient or consumer.",
      "comment" : "Not applicable for self-referral",
      "min" : 0,
      "max" : "0",
      "type" : [{
        "code" : "string"
      }],
      "constraint" : [{
        "extension" : [{
          "url" : "http://hl7.org/fhir/4.0/StructureDefinition/extension-ElementDefinition.constraint.xpath",
          "valueString" : "@value|f:*|h:div"
        }],
        "key" : "ele-1",
        "severity" : "error",
        "human" : "All FHIR elements must have a @value or children",
        "expression" : "hasValue() or (children().count() > id.count())",
        "source" : "http://hl7.org/fhir/StructureDefinition/Element"
      }],
      "mustSupport" : false,
      "isModifier" : false,
      "isSummary" : true,
      "mapping" : [{
        "identity" : "v2",
        "map" : "NTE"
      },
      {
        "identity" : "rim",
        "map" : ".text"
      }]
    },
    {
      "path" : "ServiceRequest.relevantHistory",
      "short" : "Request provenance",
      "definition" : "Key events in the history of the request.",
      "comment" : "Agreement to remove among most vendors.",
      "min" : 0,
      "max" : "0",
      "type" : [{
        "code" : "Reference",
        "targetProfile" : ["http://hl7.org/fhir/StructureDefinition/Provenance"]
      }],
      "constraint" : [{
        "extension" : [{
          "url" : "http://hl7.org/fhir/4.0/StructureDefinition/extension-ElementDefinition.constraint.xpath",
          "valueString" : "@value|f:*|h:div"
        }],
        "key" : "ele-1",
        "severity" : "error",
        "human" : "All FHIR elements must have a @value or children",
        "expression" : "hasValue() or (children().count() > id.count())",
        "source" : "http://hl7.org/fhir/StructureDefinition/Element"
      }],
      "mustSupport" : false,
      "isModifier" : false,
      "isSummary" : false,
      "mapping" : [{
        "identity" : "workflow",
        "map" : "Request.relevantHistory"
      },
      {
        "identity" : "v2",
        "map" : "N/A"
      },
      {
        "identity" : "rim",
        "map" : ".inboundRelationship(typeCode=SUBJ].source[classCode=CACT, moodCode=EVN]"
      }]
    }]
  }
}